{
    "promise12": {
        "19": 10.951074600219727,
        "25": 5.122300148010254,
        "28": 4.976683616638184,
        "9": 3.99941349029541,
        "41": 3.2673425674438477,
        "20": 3.2643635272979736,
        "11": 2.9070916175842285,
        "27": 2.485400438308716,
        "42": 2.261103630065918,
        "22": 2.2463293075561523,
        "18": 2.1937501430511475,
        "31": 2.083127498626709,
        "14": 2.0772461891174316,
        "5": 1.949352741241455,
        "36": 1.8594160079956055,
        "10": 1.8443479537963867,
        "37": 1.7683194875717163,
        "43": 1.754644751548767,
        "13": 1.7383790016174316,
        "15": 1.6298377513885498,
        "0": 1.5908281803131104,
        "2": 1.5616375207901,
        "23": 1.5259766578674316,
        "17": 1.5069632530212402,
        "3": 1.4841797351837158,
        "39": 1.4659017324447632,
        "32": 1.4440429210662842,
        "33": 1.3755289316177368,
        "1": 1.3259251117706299,
        "26": 1.2898319959640503,
        "16": 1.2718532085418701,
        "29": 1.2375372648239136,
        "21": 1.224365234375,
        "24": 1.199365258216858,
        "44": 1.1704915761947632,
        "40": 1.1432698965072632,
        "34": 1.13232421875,
        "6": 1.0609407424926758,
        "8": 1.0524177551269531,
        "7": 1.0323892831802368,
        "12": 1.0256812572479248,
        "30": 0.9552001953125,
        "4": 0.6944580078125,
        "35": 0.6787922978401184,
        "38": 0.518359363079071
    },
    "decathlon": {
        "22": 7.025976657867432,
        "5": 4.9254560470581055,
        "14": 4.4651689529418945,
        "24": 3.709228277206421,
        "20": 3.3016111850738525,
        "16": 3.0931599140167236,
        "15": 2.8194689750671387,
        "8": 2.615039110183716,
        "3": 2.519824266433716,
        "6": 2.4732909202575684,
        "7": 2.400970458984375,
        "2": 2.3526365756988525,
        "4": 2.138411521911621,
        "21": 2.1136229038238525,
        "18": 2.060302734375,
        "9": 1.9952330589294434,
        "10": 1.883398413658142,
        "13": 1.8358886241912842,
        "23": 1.68115234375,
        "12": 1.34130859375,
        "0": 1.254296898841858,
        "17": 1.2174804210662842,
        "19": 1.1925780773162842,
        "1": 1.1741700172424316,
        "11": 1.166601538658142
    },
    "isbi": {
        "25": 5.0567708015441895,
        "28": 4.431900978088379,
        "11": 3.9936490058898926,
        "8": 3.896303415298462,
        "22": 3.6946778297424316,
        "20": 3.5059895515441895,
        "46": 3.490996837615967,
        "38": 3.2704100608825684,
        "40": 3.25537109375,
        "59": 2.803515672683716,
        "19": 2.776885509490967,
        "42": 2.616992235183716,
        "7": 2.5966014862060547,
        "24": 2.542285203933716,
        "15": 2.5401365756988525,
        "27": 2.4239842891693115,
        "12": 2.400904417037964,
        "44": 2.396378755569458,
        "18": 2.367724657058716,
        "17": 2.322500705718994,
        "56": 2.28369140625,
        "10": 2.2392969131469727,
        "49": 2.2061197757720947,
        "57": 2.0599608421325684,
        "3": 2.0423991680145264,
        "61": 2.026529550552368,
        "23": 1.968359351158142,
        "39": 1.9586931467056274,
        "62": 1.8784376382827759,
        "58": 1.866187572479248,
        "6": 1.776252269744873,
        "2": 1.6535937786102295,
        "30": 1.6436034440994263,
        "21": 1.6422383785247803,
        "29": 1.6057957410812378,
        "43": 1.5781054496765137,
        "13": 1.563818335533142,
        "37": 1.5631802082061768,
        "41": 1.5522949695587158,
        "51": 1.4422427415847778,
        "60": 1.39279305934906,
        "33": 1.358339786529541,
        "16": 1.3455663919448853,
        "14": 1.3435547351837158,
        "34": 1.3186428546905518,
        "48": 1.316499948501587,
        "9": 1.3112304210662842,
        "53": 1.3017382621765137,
        "0": 1.2605273723602295,
        "54": 1.2589647769927979,
        "31": 1.234228491783142,
        "45": 1.2104883193969727,
        "50": 1.1774218082427979,
        "5": 1.1566991806030273,
        "55": 1.1392929553985596,
        "32": 1.1000367403030396,
        "35": 1.029628872871399,
        "36": 1.0269043445587158,
        "26": 0.9994726777076721,
        "4": 0.833300769329071,
        "52": 0.8099609017372131,
        "47": 0.763724684715271,
        "1": 0.582470715045929
    },
    "prostate158": {
        "28": 19.10752296447754,
        "34": 15.975231170654297,
        "103": 14.958993911743164,
        "72": 13.221651077270508,
        "96": 13.109641075134277,
        "10": 12.0695161819458,
        "1": 11.923657417297363,
        "47": 11.116704940795898,
        "61": 11.009285926818848,
        "100": 10.448731422424316,
        "16": 9.98205280303955,
        "77": 9.968507766723633,
        "49": 9.761430740356445,
        "37": 9.651005744934082,
        "74": 9.509267807006836,
        "97": 9.30161190032959,
        "50": 9.050582885742188,
        "32": 8.890314102172852,
        "31": 8.301383018493652,
        "58": 8.262575149536133,
        "78": 8.255513191223145,
        "20": 8.046924591064453,
        "30": 7.971273899078369,
        "48": 7.618941307067871,
        "46": 7.585962772369385,
        "113": 7.489826679229736,
        "11": 7.345879077911377,
        "35": 7.242912769317627,
        "55": 7.168249607086182,
        "81": 7.1280293464660645,
        "106": 7.109568119049072,
        "108": 7.083047389984131,
        "53": 7.045953750610352,
        "59": 6.9818243980407715,
        "26": 6.887688636779785,
        "3": 6.727194786071777,
        "75": 6.683470249176025,
        "4": 6.6612372398376465,
        "41": 6.593162536621094,
        "43": 6.545896053314209,
        "6": 6.537837505340576,
        "69": 6.537837505340576,
        "105": 6.482892990112305,
        "12": 6.448598384857178,
        "23": 6.405771732330322,
        "94": 6.303783416748047,
        "102": 6.303783416748047,
        "67": 6.230967044830322,
        "29": 6.022296905517578,
        "57": 6.017142295837402,
        "39": 6.0101165771484375,
        "21": 6.0010857582092285,
        "27": 5.966490268707275,
        "8": 5.860825061798096,
        "68": 5.829988956451416,
        "107": 5.77381706237793,
        "5": 5.695669174194336,
        "38": 5.688981056213379,
        "15": 5.662551403045654,
        "18": 5.587897300720215,
        "87": 5.572735786437988,
        "116": 5.479081153869629,
        "83": 5.463595867156982,
        "104": 5.398090839385986,
        "85": 5.326131820678711,
        "112": 5.150034427642822,
        "52": 5.112368583679199,
        "76": 4.955611228942871,
        "86": 4.852695941925049,
        "7": 4.847157001495361,
        "90": 4.790503978729248,
        "66": 4.639289379119873,
        "51": 4.587879180908203,
        "60": 4.437928676605225,
        "82": 4.436956882476807,
        "25": 4.424153804779053,
        "109": 4.388433456420898,
        "91": 4.3557257652282715,
        "93": 4.160551071166992,
        "88": 4.142935752868652,
        "114": 4.131687164306641,
        "110": 4.086789131164551,
        "42": 3.994185209274292,
        "36": 3.93255615234375,
        "65": 3.9001452922821045,
        "95": 3.6995060443878174,
        "98": 3.68112850189209,
        "117": 3.6661391258239746,
        "73": 3.656892776489258,
        "13": 3.6398119926452637,
        "92": 3.5782501697540283,
        "101": 3.5609853267669678,
        "71": 3.517775535583496,
        "24": 3.421696186065674,
        "99": 3.387653112411499,
        "44": 3.379915237426758,
        "89": 3.37327241897583,
        "80": 3.344764471054077,
        "62": 3.3369739055633545,
        "79": 3.09031343460083,
        "22": 3.0635735988616943,
        "2": 3.0076165199279785,
        "54": 2.9396090507507324,
        "70": 2.9373745918273926,
        "0": 2.8874599933624268,