4_prostate158_curr_dice,4_isbi_curr_dice,4_promise12_curr_dice,4_decathlon_curr_dice,Accuracy (ACC),Backward Transfer (BWT),Average Forgetting (AFGT),run_name,run_id
64.33992981910706,83.6098313331604,63.3811891078949,84.71035957336426,74.01032745838165,-11.545703808466593,12.770418326059977,atomic-resonance-29,pw8se6as
63.60957622528076,80.18613457679749,79.82789278030396,86.75815463066101,77.5954395532608,-8.661021788914997,10.881559054056805,rich-pyramid-27,g4u3clw2
57.26445913314819,85.88024377822876,56.85650706291199,83.84953737258911,70.96268683671951,-16.314174731572468,16.945886611938477,dainty-morning-29,dby7164l
61.05462312698364,80.85763454437256,56.79954290390015,85.79327464103699,71.12626880407333,-17.93891986211141,18.48795215288798,desert-lake-27,39hjgrxb
