4_prostate158_curr_dice,4_isbi_curr_dice,4_promise12_curr_dice,4_decathlon_curr_dice,Accuracy (ACC),Backward Transfer (BWT),Average Forgetting (AFGT),run_name,run_id
84.94157791137695,81.3083291053772,83.41366052627563,83.99525880813599,83.41470658779144,0.839453935623169,1.4961759249369304,avid-dawn-60,1uyl3o8x
81.61926865577698,84.60260033607483,65.23153781890869,77.26941108703613,77.18070447444916,-4.680681228637695,4.976214965184529,sleek-dragon-61,222vq4yc
83.71540307998657,85.73760986328125,73.95610213279724,83.87521505355835,81.82108253240585,-0.9832958380381266,1.2096603711446126,soft-dew-62,3rzr8ibf
