4_prostate158_curr_dice,4_isbi_curr_dice,4_promise12_curr_dice,4_decathlon_curr_dice,Accuracy (ACC),Backward Transfer (BWT),Average Forgetting (AFGT),run_name,run_id
62.277019023895264,85.414719581604,69.90576386451721,85.16324162483215,75.69018602371216,-9.549949566523232,10.578260819117228,decent-salad-76,12ih1pcu
73.67826700210571,83.22110772132874,87.87727952003479,87.70622611045837,83.1207200884819,-1.6048669815063477,3.0339916547139487,sunny-aardvark-72,1hnz204t
72.95538783073425,87.28731870651245,70.8208978176117,84.50438976287842,78.8919985294342,-4.862435658772786,5.1986972490946455,faithful-blaze-72,2mt7zuig
71.37681841850281,85.4408860206604,82.00476169586182,76.0490357875824,78.71787548065186,-4.927865664164225,5.66675861676534,faithful-elevator-78,setcf7ek
