4_prostate158_curr_dice,4_isbi_curr_dice,4_promise12_curr_dice,4_decathlon_curr_dice,Accuracy (ACC),Backward Transfer (BWT),Average Forgetting (AFGT),run_name,run_id
83.41078162193298,60.792720317840576,28.47214937210083,70.53226828575134,60.80197989940643,-0.002162655194600423,0.0023732582728068032,different-haze-19,1vuiaj4p
83.0287218093872,73.41561913490295,52.86375880241394,63.91626596450806,68.30609142780304,0.0004192193349202474,0.00016689300537109375,northern-disco-20,2fuxrkuw
81.93893432617188,68.74591112136841,45.898568630218506,68.68371963500977,66.31678342819214,0.0007490317026774088,-0.0004033247629801433,dashing-sun-21,2kd2zotj
85.6804370880127,67.6173448562622,47.87839949131012,75.44252872467041,69.15467754006386,-0.0007619460423787434,0.001095732053120931,faithful-cloud-22,t8ibbihk
