4_prostate158_curr_dice,4_isbi_curr_dice,4_promise12_curr_dice,4_decathlon_curr_dice,Accuracy (ACC),Backward Transfer (BWT),Average Forgetting (AFGT),run_name,run_id
83.89025926589966,76.67645215988159,81.15388751029968,84.19927954673767,81.47996962070465,-1.3170719146728516,2.922964096069336,distinctive-leaf-174,1xpusaof
81.75420761108398,84.3684434890747,68.2485580444336,79.56251502037048,78.48343104124069,-4.071390628814697,4.085618257522583,pretty-wood-169,298foogv
80.16562461853027,86.68222427368164,73.21193218231201,80.86071610450745,80.23012429475784,1.4278411865234375,-0.6504674752553304,revived-darkness-173,2u9d54o7
83.4367036819458,83.7532639503479,76.4190673828125,83.85287523269653,81.86547756195068,-1.120320955912272,1.1973142623901367,woven-night-170,2u66xy2s
