4_prostate158_curr_dice,4_isbi_curr_dice,4_promise12_curr_dice,4_decathlon_curr_dice,Accuracy (ACC),Backward Transfer (BWT),Average Forgetting (AFGT),run_name,run_id
74.81247782707214,83.0462098121643,86.53754591941833,88.20613622665405,83.15059244632721,-2.069389820098877,3.594889243443807,electric-planet-63,makm2e76
67.20930933952332,85.62141060829163,78.12199592590332,86.05843782424927,79.25278842449188,-4.335707426071167,5.4171403249104815,pretty-energy-64,38stqirz
76.08665227890015,85.30012965202332,76.64899230003357,87.41291761398315,81.36217296123505,-4.323883851369222,4.801774024963379,copper-waterfall-65,2dl8aomm
