4_prostate158_curr_dice,4_isbi_curr_dice,4_promise12_curr_dice,4_decathlon_curr_dice,Accuracy (ACC),Backward Transfer (BWT),Average Forgetting (AFGT),run_name,run_id
85.19569039344788,82.06454515457153,78.05808782577515,84.11986231803894,82.35954642295837,-1.053782304128011,3.082887331644694,electric-silence-56,3bm8mcn3
82.51677751541138,84.58292484283447,77.24525332450867,77.65700221061707,80.5004894733429,-1.0680596033732097,2.0614643891652427,good-wind-59,103t1sa3
83.377206325531,78.42227816581726,76.81162357330322,83.74674320220947,80.58946281671524,-1.888891061147054,1.888891061147054,revived-totem-58,1i3j20wj
