4_prostate158_curr_dice,4_isbi_curr_dice,4_promise12_curr_dice,4_decathlon_curr_dice,Accuracy (ACC),Backward Transfer (BWT),Average Forgetting (AFGT),run_name,run_id
76.35042071342468,84.64429378509521,80.64168691635132,85.32952070236206,81.74148052930832,-2.9481470584869385,3.1036237875620523,ethereal-shadow-99,1w83y29a
73.15427660942078,82.274329662323,87.24617958068848,85.74031591415405,82.10377544164658,-2.585695187250773,3.767184416453043,likely-music-102,1t18fpg7
71.97704911231995,85.01731753349304,79.37519550323486,83.46718549728394,79.95918691158295,-2.0836353302001953,2.752119302749634,spring-glade-98,1kefi6az
74.29103255271912,88.50950598716736,80.0980269908905,86.61553859710693,82.37852603197098,-0.9167154630025228,1.399157444636027,serene-meadow-101,18gj2sfo
