4_prostate158_curr_dice,4_isbi_curr_dice,4_promise12_curr_dice,4_decathlon_curr_dice,Accuracy (ACC),Backward Transfer (BWT),Average Forgetting (AFGT),run_name,run_id
82.29959011077881,82.46172070503235,65.60209393501282,69.80299353599548,75.04159957170486,-7.173446814219156,7.8147292137146,fanciful-forest-18,1idc16p5
82.277911901474,76.25417113304138,66.64170026779175,69.84649300575256,73.75506907701492,-9.686015049616495,9.961730241775513,gentle-universe-17,2u2nbguu
85.04694104194641,72.34460711479187,43.40643882751465,79.37673926353455,70.04368156194687,-17.01726714769999,19.454713662465412,sleek-rain-15,3sepz1qd
84.23494696617126,76.36962532997131,65.10448455810547,80.39267659187317,76.5254333615303,-7.850247621536255,8.230717976888021,prime-shape-16,3ur7ecrp
