4_prostate158_curr_dice,4_isbi_curr_dice,4_promise12_curr_dice,4_decathlon_curr_dice,Accuracy (ACC),Backward Transfer (BWT),Average Forgetting (AFGT),run_name,run_id
81.7914605140686,81.01620078086853,58.878517150878906,71.57817482948303,73.31608831882477,-7.931617895762125,8.229345083236694,genial-dust-123,1eflar5w
85.01258492469788,72.6361095905304,43.5320109128952,77.9839277267456,69.79115828871727,-17.79296100139618,19.56147849559784,fresh-lion-121,1v1meejw
84.44594144821167,73.7120509147644,67.2448456287384,78.90595197677612,76.07719749212265,-8.445564905802408,8.494369188944498,autumn-glitter-125,2h3e3q3n
81.80274367332458,77.8584361076355,63.00060749053955,73.49640727043152,74.03954863548279,-8.273865779240925,8.273865779240927,youthful-frost-122,2x951dcn
