4_prostate158_curr_dice,4_isbi_curr_dice,4_promise12_curr_dice,4_decathlon_curr_dice,Accuracy (ACC),Backward Transfer (BWT),Average Forgetting (AFGT),run_name,run_id
58.11803936958313,84.55715775489807,56.442588567733765,82.3391318321228,70.36422938108444,-10.142602523167929,10.663723945617676,graceful-grass-131,1ebk7d28
61.76148056983948,83.40185284614563,64.96143341064453,84.17409062385559,73.57471436262131,-9.013670682907104,9.725215037663778,lilac-sea-129,24oj11da
64.65526819229126,82.77627229690552,64.99688029289246,85.49155592918396,74.4799941778183,-8.628682295481363,8.723815282185873,magic-shape-136,3jrgl9tu
62.483447790145874,79.0004312992096,79.38942909240723,82.3260486125946,75.79983919858932,-6.712152560551961,8.00569454828898,cosmic-valley-133,11w1z8e5
