4_prostate158_curr_dice,4_isbi_curr_dice,4_promise12_curr_dice,4_decathlon_curr_dice,Accuracy (ACC),Backward Transfer (BWT),Average Forgetting (AFGT),run_name,run_id
82.35899209976196,72.60823249816895,29.454168677330017,68.35209727287292,63.19337263703346,7.480640212694803,17.884881297747295,hearty-dust-139,233iyzsk
83.84520411491394,78.44818830490112,64.5327091217041,76.13146305084229,75.73939114809036,26.607501206065837,0.711373488108317,wobbly-salad-142,2fcstdwp
81.0474157333374,75.6899356842041,55.88981509208679,64.0975832939148,69.18118745088577,22.09786276022593,3.2448261976242065,brisk-tree-143,4pw7rewn
80.71916699409485,77.01505422592163,45.88501155376434,67.49243140220642,67.77791604399681,-7.243308424949646,9.602774182955423,grateful-cosmos-137,1lss1kux
