prostate158_curr_dice,isbi_curr_dice,promise12_curr_dice,decathlon_curr_dice,run_name,run_id
82.00702667236328,86.12226247787476,78.95906567573547,85.73829531669617,iconic-cosmos-31,1bzlueau
84.9157452583313,86.05362176895142,77.19147205352783,86.68637871742249,glorious-aardvark-26,28dc3a1r
80.49416542053223,88.76615762710571,76.99191570281982,84.4926655292511,peach-brook-33,1n43di84
84.25776958465576,84.56258177757263,88.24334144592285,87.29732632637024,rural-bird-27,1c7k94gq
