4_prostate158_curr_dice,4_isbi_curr_dice,4_promise12_curr_dice,4_decathlon_curr_dice,Accuracy (ACC),Backward Transfer (BWT),Average Forgetting (AFGT),run_name,run_id
69.4433867931366,82.36116766929626,82.9751968383789,87.67471313476562,80.61361610889435,-5.560700098673502,6.738986571629842,jumping-rain-125,1ux12qb9
65.24035334587097,82.43773579597473,62.1421754360199,87.42943406105042,74.312424659729,-13.861129681269327,14.50027028719584,brisk-galaxy-127,1hs38hhl
59.59916114807129,87.18336820602417,63.983285427093506,85.67754626274109,74.11084026098251,-12.36255367596944,12.775599956512451,cool-smoke-128,19wm9gxo
64.05561566352844,85.12828350067139,60.62413454055786,85.63329577445984,73.86033236980438,-12.339756886164349,13.376166423161823,resilient-elevator-124,185djjvl
