4_prostate158_curr_dice,4_isbi_curr_dice,4_promise12_curr_dice,4_decathlon_curr_dice,Accuracy (ACC),Backward Transfer (BWT),Average Forgetting (AFGT),run_name,run_id
68.1936502456665,87.02520728111267,71.42723202705383,86.97772026062012,78.40595245361328,-8.154898881912231,8.902857700983683,kind-fire-175,1e98rhnh
68.4281051158905,85.83834171295166,76.55326724052429,84.45374965667725,78.81836593151093,-5.252554019292195,6.375330686569214,twilight-water-172,3ljzmerp
70.63094973564148,81.44329190254211,87.89859414100647,86.68732643127441,81.66504055261612,-3.277359406153361,4.371156295140584,mild-valley-171,lje1d3uf
62.77709603309631,88.50261569023132,63.36961388587952,84.8500669002533,74.87484812736511,-10.499080022176106,11.13556424776713,expert-galaxy-176,mkfb1xjf
