4_prostate158_curr_dice,4_isbi_curr_dice,4_promise12_curr_dice,4_decathlon_curr_dice,Accuracy (ACC),Backward Transfer (BWT),Average Forgetting (AFGT),run_name,run_id
75.65689086914062,72.42602109909058,35.0678414106369,68.59934329986572,62.937524169683456,16.556269923845925,5.247681339581807,noble-spaceship-130,33ec8dw4
74.71697926521301,74.25177693367004,62.875646352767944,71.37078642845154,70.80379724502563,2.879909674326578,-1.0768473148345947,woven-elevator-132,xpp035m1
75.48001408576965,73.26644659042358,60.80709099769592,71.2444543838501,70.19950151443481,30.33080965008897,-4.499037067095439,sparkling-monkey-135,2d625md3
67.24367141723633,69.42644715309143,56.264013051986694,59.513068199157715,63.11179995536804,31.871314346790314,-4.834115505218506,fearless-firefly-134,2esu6ugy
