prostate158_curr_dice,isbi_curr_dice,promise12_curr_dice,decathlon_curr_dice,run_name,run_id
83.33612084388733,84.73452925682068,89.43129777908325,86.87523603439331,pretty-night-30,1t9mo8og
81.52819275856018,88.98235559463501,77.58363485336304,86.13389134407043,snowy-waterfall-27,p9mvl9di
84.89090204238892,86.53320074081421,81.75657391548157,86.95827126502991,confused-hill-29,1tv564ms
82.44642615318298,87.21349835395813,79.492849111557,85.61715483665466,good-galaxy-32,m025f288
