4_prostate158_curr_dice,4_isbi_curr_dice,4_promise12_curr_dice,4_decathlon_curr_dice,Accuracy (ACC),Backward Transfer (BWT),Average Forgetting (AFGT),run_name,run_id
71.05526924133301,81.36571049690247,87.34785914421082,86.7994487285614,81.64207190275192,-3.335150082906087,5.0612250963846845,prime-galaxy-66,2md387fn
66.53119921684265,85.4173481464386,73.06651473045349,85.13036370277405,77.5363564491272,-7.121479511260986,7.914233207702637,soft-monkey-67,2acs8a4w
72.91380763053894,85.8214259147644,73.30877780914307,87.26592659950256,79.82748448848724,-7.170786460240682,7.368642091751099,misty-valley-68,m4ftg1ow
