4_prostate158_curr_dice,4_isbi_curr_dice,4_promise12_curr_dice,4_decathlon_curr_dice,Accuracy (ACC),Backward Transfer (BWT),Average Forgetting (AFGT),run_name,run_id
81.54678344726562,84.54015851020813,66.83015823364258,81.21713995933533,78.53356003761292,-3.8155237833658857,4.0146589279174805,quiet-aardvark-74,12abd1qx
81.08539581298828,86.98833584785461,67.95713901519775,81.23642206192017,79.3168231844902,0.0030378500620524087,0.7933278878529867,logical-snowball-71,379li9rr
84.0257465839386,81.84049129486084,77.59653329849243,83.90805721282959,81.84270709753036,-1.2223819891611734,1.2223819891611736,helpful-glitter-77,hie84o0d
84.37281250953674,81.81366324424744,73.80662560462952,84.8685622215271,81.2154158949852,-1.5312790870666504,3.671900431315104,wise-mountain-79,qfa8kbwm
