4_prostate158_curr_dice,4_isbi_curr_dice,4_promise12_curr_dice,4_decathlon_curr_dice,Accuracy (ACC),Backward Transfer (BWT),Average Forgetting (AFGT),run_name,run_id
83.20706486701965,83.44364166259766,79.5393168926239,81.54357075691223,81.93339854478836,-0.37311514218648273,0.37311514218648273,radiant-voice-97,vz3xek4r
84.04503464698792,80.82355260848999,82.32886791229248,84.59386229515076,82.94782936573029,0.21369655927022296,2.077492078145345,young-silence-98,uquflia2
81.84458613395691,85.00085473060608,77.02993154525757,81.83071613311768,81.42652213573456,0.8706649144490559,0.25577346483866376,elated-hill-103,1se1h3df
80.33292889595032,86.4232063293457,75.66933035850525,78.58662605285645,80.25302290916443,0.9569962819417316,0.4849553108215332,good-puddle-104,1587x1vi
