4_prostate158_curr_dice,4_isbi_curr_dice,4_promise12_curr_dice,4_decathlon_curr_dice,Accuracy (ACC),Backward Transfer (BWT),Average Forgetting (AFGT),run_name,run_id
36.38244867324829,70.56285738945007,29.35301959514618,81.12717866897583,54.35637608170509,0.5394210418065388,-0.5367169777552286,swift-silence-11,1rodm2dn
39.755043387413025,68.93525719642639,23.578833043575287,81.8218469619751,53.52274514734745,0.2520288030306498,-0.2509300907452901,rare-snowball-13,2wbbg6b8
38.78496587276459,46.975091099739075,27.293863892555237,83.71878266334534,49.19317588210106,0.020776192347208657,-0.01989901065826416,summer-aardvark-12,grli6duw
36.68876588344574,59.84525680541992,59.31660532951355,78.93114686012268,58.69544371962547,0.14045437177022296,-0.13827085494995117,wise-water-14,sjrz1sz0
