4_prostate158_curr_dice,4_isbi_curr_dice,4_promise12_curr_dice,4_decathlon_curr_dice,Accuracy (ACC),Backward Transfer (BWT),Average Forgetting (AFGT),run_name,run_id
61.677783727645874,83.74100923538208,65.03990292549133,83.10104012489319,73.38993400335312,-10.243093967437744,11.087346076965332,true-surf-144,162u5r49
56.41978979110718,84.58912372589111,52.8658390045166,82.73415565490723,69.15222704410553,-13.328526417414349,13.87898325920105,distinctive-cloud-137,29tkcwbw
60.603225231170654,78.53782176971436,76.37683153152466,81.6982626914978,74.30403530597687,-8.874541521072388,10.693506399790444,zesty-sun-139,crbuunhn
62.99455761909485,81.98813796043396,63.16954493522644,84.47600603103638,73.1570616364479,-11.381196975708008,11.78943912188212,wise-dust-141,d7xyq3yl
